galery_name,gallery_link,gallery_imgs
Gagosian Hong Kong,https://www.galleriesnow.net/gallery/gagosian/,"[""https://www.galleriesnow.net/wp-content/uploads/2024/03/Gagosian-Beverly-Hills-Jean-Michel-Basquiat-9.jpg"", ""https://www.galleriesnow.net/wp-content/uploads/2024/04/Gagosian-Hong-Kong-Andy-Warhol-Long-Shadow-8.jpg"", ""https://www.galleriesnow.net/wp-content/uploads/2024/04/Gagosian-Rome-Oscar-Murillo-5.jpg"", ""https://www.galleriesnow.net/wp-content/uploads/2024/04/Gagosian-Le-Bourget-Theaster-Gates-1.jpg"", ""https://www.galleriesnow.net/wp-content/uploads/2024/04/Gagosian-976-Madison-Avenue-Anselm-Kiefer-6.jpg"", ""https://www.galleriesnow.net/wp-content/uploads/2024/05/2024_NY522_CATTE_002.jpg"", ""https://www.galleriesnow.net/wp-content/uploads/2024/05/Gagosian-Neil-Jenney-1.jpg"", ""https://www.galleriesnow.net/wp-content/uploads/2024/04/WHITN_2023.0049.jpg"", ""https://www.galleriesnow.net/wp-content/uploads/2024/04/Nan-Goldin.jpg"", ""https://www.galleriesnow.net/wp-content/uploads/2024/05/Alex-Israel.jpg"", ""https://www.galleriesnow.net/wp-content/uploads/2024/05/Giacometti-Nauman-Picasso.jpg""]"
Hauser & Wirth Hong Kong,https://www.galleriesnow.net/gallery/hauser-wirth/,"[""https://www.galleriesnow.net/wp-content/uploads/2024/03/Hauser-Wirth-Los-Angeles-Jason-Rhoades-1.jpg"", ""https://www.galleriesnow.net/wp-content/uploads/2024/04/Hauser-Wirth-Wooster-Street-Roni-Horn-3.jpg"", ""https://www.galleriesnow.net/wp-content/uploads/2024/05/Hauser-Wirth-22nd-St-Rita-Ackermann-2.jpg"", ""https://www.galleriesnow.net/wp-content/uploads/2024/05/Hauser-Wirth-22nd-St-Jennifer-Rochlin-1.jpg"", ""https://www.galleriesnow.net/wp-content/uploads/2024/05/Hauser-Wirth-22nd-St-Eva-Hesse-1.jpg"", ""https://www.galleriesnow.net/wp-content/uploads/2024/05/Hauser-Wirth-22nd-St-Mary-Heilmann-1.jpg"", ""https://www.galleriesnow.net/wp-content/uploads/2024/05/Hauser-Wirth-18th-St-Rita-Ackermann-2.jpg"", ""https://www.galleriesnow.net/wp-content/uploads/2024/05/Hauser-Wirth-London-Isa-Genzken-1.jpg"", ""https://www.galleriesnow.net/wp-content/uploads/2024/05/Hauser-Wirth-London-Harmony-Korine-1.jpg"", ""https://www.galleriesnow.net/wp-content/uploads/2024/05/Hauser-Wirth-Menorca-Roni-Horn-2.jpg"", ""https://www.galleriesnow.net/wp-content/uploads/2024/05/Hauser-Wirth-Menorca-Chillida-1.jpg"", ""https://www.galleriesnow.net/wp-content/uploads/2024/05/Phyllida-Barlow.jpg""]"
Levy,https://www.galleriesnow.net/gallery/levy-gorvy-dayan/,"[""https://www.galleriesnow.net/wp-content/uploads/2024/03/Pierre-Soulages.webp"", ""https://www.galleriesnow.net/wp-content/uploads/2024/05/Levy-Gorvy-Dayan-London-N-Dash-3.jpg"", ""https://www.galleriesnow.net/wp-content/uploads/2024/05/Alison-Watt.jpg""]"
"Perrotin, Hong Kong",https://www.galleriesnow.net/gallery/galerie-perrotin/,"[""https://www.galleriesnow.net/wp-content/uploads/2024/05/Perrotin-Los-Angeles-MSCHF-1.jpg"", ""https://www.galleriesnow.net/wp-content/uploads/2024/04/Perrotin-Marais-Hernan-Bas-1.jpg"", ""https://www.galleriesnow.net/wp-content/uploads/2024/04/Perrotin-Marais-Klara-Kristalova-1.jpg"", ""https://www.galleriesnow.net/wp-content/uploads/2024/04/Perrotin-Marais-Julian-Charriere-1.jpg"", ""https://www.galleriesnow.net/wp-content/uploads/2024/05/A01-\ud06c\uac8c.jpeg"", ""https://www.galleriesnow.net/wp-content/uploads/2024/05/Perrotin-Matignon-Kelly-Beeman-1.jpg""]"
