galery_name,gallery_link,gallery_imgs
A. SQUIRE,https://www.galleriesnow.net/gallery/a-squire/,"[""https://www.galleriesnow.net/wp-content/uploads/2024/05/a-squire-pluto-thumbnail.jpg""]"
Ab-Anbar,https://www.galleriesnow.net/gallery/ab-anbar/,"[""https://www.galleriesnow.net/wp-content/uploads/2024/05/Nil-Yalter_Lord-Byron-Meets-the-Shaman-Woman_2009_NY09-1_1.jpg""]"
Addis Fine Art London,https://www.galleriesnow.net/gallery/addis-fine-art/,"[""https://www.galleriesnow.net/wp-content/uploads/2024/04/addis-gezehagn-untitled-20-acrylic-and-collage-on-canvas-45cm-x-45cm-2024-1250.jpg"", ""https://www.galleriesnow.net/wp-content/uploads/2024/04/ward-el-juri-edited-1.jpg""]"
Alison Jacques,https://www.galleriesnow.net/gallery/alison-jacques/,"[""https://www.galleriesnow.net/wp-content/uploads/2024/05/Guy-Brett.jpg""]"
Almine Rech London,https://www.galleriesnow.net/gallery/almine-rech-gallery/,"[""https://www.galleriesnow.net/wp-content/uploads/2024/05/Almine-Rech-UES-Women-in-Abstraction-1.jpg"", ""https://www.galleriesnow.net/wp-content/uploads/2024/05/Almine-Rech-Tribeca-Leelee-Kimmel-4.jpg"", ""https://www.galleriesnow.net/wp-content/uploads/2024/05/Almine-Rech-Tribeca-Thu-Van-Tran-1.jpg"", ""https://www.galleriesnow.net/wp-content/uploads/2024/05/GON0005-GWEN-ONEIL-20024_100463.jpg"", ""https://www.galleriesnow.net/wp-content/uploads/2024/05/ANA-KARKAR-WHOLE-COOKIE-POSTER.jpg"", ""https://www.galleriesnow.net/wp-content/uploads/2024/05/HSA0062-HAJIME-SORAYAMA.jpg"", ""https://www.galleriesnow.net/wp-content/uploads/2024/05/ILO0059-INES-LONGEVIAL-2024.jpg"", ""https://www.galleriesnow.net/wp-content/uploads/2024/05/Ryoji-Ikeda.jpg"", ""https://www.galleriesnow.net/wp-content/uploads/2024/05/Wessellmann.jpg""]"
Alon Zakaim Fine Art,https://www.galleriesnow.net/gallery/alon-zakaim-fine-art/,"[""https://www.galleriesnow.net/wp-content/uploads/2024/04/Natures-Grandeur.jpg""]"
Annely Juda Fine Art,https://www.galleriesnow.net/gallery/annely-juda-fine-art/,"[""https://www.galleriesnow.net/wp-content/uploads/2024/05/Annely-Juda-Fine-Art-Raku-1.jpg"", ""https://www.galleriesnow.net/wp-content/uploads/2024/05/Annely-Juda-Fine-Art-Rie-Nakajima-1.jpg""]"
Artist Room,https://www.galleriesnow.net/gallery/the-artist-room/,"[""https://www.galleriesnow.net/wp-content/uploads/2024/05/Leonardo-Devito.jpg""]"
Belmacz,https://www.galleriesnow.net/gallery/belmacz/,"[""https://www.galleriesnow.net/wp-content/uploads/2024/05/belmacz-flashlooking-thumbnail.jpg""]"
Ben Brown Fine Arts London,https://www.galleriesnow.net/gallery/ben-brown-fine-arts/,"[""https://www.galleriesnow.net/wp-content/uploads/2024/05/ben-brown-fine-arts-see-escapes-thumbnail.jpg""]"
Ben Hunter,https://www.galleriesnow.net/gallery/ben-hunter/,"[""https://www.galleriesnow.net/wp-content/uploads/2024/05/ben-hunter-ithell-colquhoun-thumbnail.jpg""]"
Bernheim,https://www.galleriesnow.net/gallery/bernheim/,[]
Berntson Bhattacharjee,https://www.galleriesnow.net/gallery/berntson-bhattacharjee/,"[""https://www.galleriesnow.net/wp-content/uploads/2024/05/berntson-bhattacharjee-smorgardsbord-thumbnail.jpg""]"
Bluerider,https://www.galleriesnow.net/gallery/bluerider-art/,"[""https://www.galleriesnow.net/wp-content/uploads/2024/05/Lyrical-Painting_Installation-View-20.jpg"", ""https://www.galleriesnow.net/wp-content/uploads/2024/05/Carol-Prusa.jpg"", ""https://www.galleriesnow.net/wp-content/uploads/2024/05/KV-PORTRAIT.jpg""]"
Brooke Benington,https://www.galleriesnow.net/gallery/brooke-benington/,"[""https://www.galleriesnow.net/wp-content/uploads/2024/05/brooke-benington-two-volcanoes-thumbnail.jpg""]"
Brunette Coleman,https://www.galleriesnow.net/gallery/brunette-coleman/,"[""https://www.galleriesnow.net/wp-content/uploads/2024/05/brunette-coleman-survival-bias-thumbnail.jpg""]"
Cardi,https://www.galleriesnow.net/gallery/cardi/,"[""https://www.galleriesnow.net/wp-content/uploads/2024/04/Cardi-Gallery-Milan-Gianpietro-Carlesso-1.jpg"", ""https://www.galleriesnow.net/wp-content/uploads/2024/05/Cardi-Gallery-London-Gerard-Schneider-8.jpg""]"
Carl Kostyál,https://www.galleriesnow.net/gallery/carl-kostyal/,"[""https://www.galleriesnow.net/wp-content/uploads/2024/05/Leo-Park-installation-2024-Photo-by-Ben-Westoby.jpg""]"
Castor,https://www.galleriesnow.net/gallery/castor/,"[""https://www.galleriesnow.net/wp-content/uploads/2024/05/castor-owl-mountain-thumbnail.jpg""]"
Cedric Bardawil,https://www.galleriesnow.net/gallery/cedric-bardawil/,"[""https://www.galleriesnow.net/wp-content/uploads/2024/05/cedric-bardawil-seeing-frequencies-thumbnail.jpg""]"
Claridge’s ArtSpace,https://www.galleriesnow.net/gallery/claridges-artspace/,[]
Cristea Roberts Gallery,https://www.galleriesnow.net/gallery/cristea-roberts-gallery/,"[""https://www.galleriesnow.net/wp-content/uploads/2024/05/Cristea-Roberts-Vicken-Parsons-3.jpg"", ""https://www.galleriesnow.net/wp-content/uploads/2024/04/Rail-Shed-Leipzig-lo.jpg"", ""https://www.galleriesnow.net/wp-content/uploads/2024/04/Painted-Alp-4_hi.jpg"", ""https://www.galleriesnow.net/wp-content/uploads/2024/04/German-Flashflood_hi.jpg""]"
David Gill,https://www.galleriesnow.net/gallery/david-gill-gallery/,"[""https://www.galleriesnow.net/wp-content/uploads/2024/05/3.-DGG-February-2024-install.jpg""]"
"David Zwirner, London",https://www.galleriesnow.net/gallery/david-zwirner/,"[""https://www.galleriesnow.net/wp-content/uploads/2024/05/BORMI0936.jpg""]"
Des,https://www.galleriesnow.net/gallery/des-bains/,[]
Domobaal,https://www.galleriesnow.net/gallery/domobaal/,"[""https://www.galleriesnow.net/wp-content/uploads/2024/05/domobaal-light-fiction-thumbnail.jpg""]"
Edel Assanti,https://www.galleriesnow.net/gallery/edel-assanti/,"[""https://www.galleriesnow.net/wp-content/uploads/2024/05/edel-assanti-guard-thumbnail.jpg""]"
Fiumano Clase,https://www.galleriesnow.net/gallery/fiumano-clase/,"[""https://www.galleriesnow.net/wp-content/uploads/2024/05/Fiumano-Clase.jpg""]"
"Flowers Gallery, Cork Street",https://www.galleriesnow.net/gallery/flowers/,"[""https://www.galleriesnow.net/wp-content/uploads/2024/05/Flowers-Gallery-Tai-Shan-Schierenberg-1.jpg"", ""https://www.galleriesnow.net/wp-content/uploads/2024/05/Flowers-Gallery-Lisa-Jahovic-1.jpg""]"
"Frith Street Gallery, Golden Square",https://www.galleriesnow.net/gallery/frith-street-gallery/,"[""https://www.galleriesnow.net/wp-content/uploads/2024/04/Passion-II.jpg""]"
Gagosian Davies St,https://www.galleriesnow.net/gallery/gagosian/,"[""https://www.galleriesnow.net/wp-content/uploads/2024/03/Gagosian-Beverly-Hills-Jean-Michel-Basquiat-9.jpg"", ""https://www.galleriesnow.net/wp-content/uploads/2024/04/Gagosian-Hong-Kong-Andy-Warhol-Long-Shadow-8.jpg"", ""https://www.galleriesnow.net/wp-content/uploads/2024/04/Gagosian-Rome-Oscar-Murillo-5.jpg"", ""https://www.galleriesnow.net/wp-content/uploads/2024/04/Gagosian-Le-Bourget-Theaster-Gates-1.jpg"", ""https://www.galleriesnow.net/wp-content/uploads/2024/04/Gagosian-976-Madison-Avenue-Anselm-Kiefer-6.jpg"", ""https://www.galleriesnow.net/wp-content/uploads/2024/05/2024_NY522_CATTE_002.jpg"", ""https://www.galleriesnow.net/wp-content/uploads/2024/05/Gagosian-Neil-Jenney-1.jpg"", ""https://www.galleriesnow.net/wp-content/uploads/2024/04/WHITN_2023.0049.jpg"", ""https://www.galleriesnow.net/wp-content/uploads/2024/04/Nan-Goldin.jpg"", ""https://www.galleriesnow.net/wp-content/uploads/2024/05/Alex-Israel.jpg"", ""https://www.galleriesnow.net/wp-content/uploads/2024/05/Giacometti-Nauman-Picasso.jpg""]"
Gagosian Grosvenor Hill,https://www.galleriesnow.net/gallery/gagosian/,"[""https://www.galleriesnow.net/wp-content/uploads/2024/03/Gagosian-Beverly-Hills-Jean-Michel-Basquiat-9.jpg"", ""https://www.galleriesnow.net/wp-content/uploads/2024/04/Gagosian-Hong-Kong-Andy-Warhol-Long-Shadow-8.jpg"", ""https://www.galleriesnow.net/wp-content/uploads/2024/04/Gagosian-Rome-Oscar-Murillo-5.jpg"", ""https://www.galleriesnow.net/wp-content/uploads/2024/04/Gagosian-Le-Bourget-Theaster-Gates-1.jpg"", ""https://www.galleriesnow.net/wp-content/uploads/2024/04/Gagosian-976-Madison-Avenue-Anselm-Kiefer-6.jpg"", ""https://www.galleriesnow.net/wp-content/uploads/2024/05/2024_NY522_CATTE_002.jpg"", ""https://www.galleriesnow.net/wp-content/uploads/2024/05/Gagosian-Neil-Jenney-1.jpg"", ""https://www.galleriesnow.net/wp-content/uploads/2024/04/WHITN_2023.0049.jpg"", ""https://www.galleriesnow.net/wp-content/uploads/2024/04/Nan-Goldin.jpg"", ""https://www.galleriesnow.net/wp-content/uploads/2024/05/Alex-Israel.jpg"", ""https://www.galleriesnow.net/wp-content/uploads/2024/05/Giacometti-Nauman-Picasso.jpg""]"
"Gagosian Shop, London",https://www.galleriesnow.net/gallery/gagosian/,"[""https://www.galleriesnow.net/wp-content/uploads/2024/03/Gagosian-Beverly-Hills-Jean-Michel-Basquiat-9.jpg"", ""https://www.galleriesnow.net/wp-content/uploads/2024/04/Gagosian-Hong-Kong-Andy-Warhol-Long-Shadow-8.jpg"", ""https://www.galleriesnow.net/wp-content/uploads/2024/04/Gagosian-Rome-Oscar-Murillo-5.jpg"", ""https://www.galleriesnow.net/wp-content/uploads/2024/04/Gagosian-Le-Bourget-Theaster-Gates-1.jpg"", ""https://www.galleriesnow.net/wp-content/uploads/2024/04/Gagosian-976-Madison-Avenue-Anselm-Kiefer-6.jpg"", ""https://www.galleriesnow.net/wp-content/uploads/2024/05/2024_NY522_CATTE_002.jpg"", ""https://www.galleriesnow.net/wp-content/uploads/2024/05/Gagosian-Neil-Jenney-1.jpg"", ""https://www.galleriesnow.net/wp-content/uploads/2024/04/WHITN_2023.0049.jpg"", ""https://www.galleriesnow.net/wp-content/uploads/2024/04/Nan-Goldin.jpg"", ""https://www.galleriesnow.net/wp-content/uploads/2024/05/Alex-Israel.jpg"", ""https://www.galleriesnow.net/wp-content/uploads/2024/05/Giacometti-Nauman-Picasso.jpg""]"
Gathering,https://www.galleriesnow.net/gallery/gathering/,"[""https://www.galleriesnow.net/wp-content/uploads/2024/04/Carvalho.jpg""]"
Gazelli Art House,https://www.galleriesnow.net/gallery/gazelli-art-house/,"[""https://www.galleriesnow.net/wp-content/uploads/2024/05/mtk0004-high_res.jpg"", ""https://www.galleriesnow.net/wp-content/uploads/2024/05/Gazelli-Art-House-Montage-1.jpg"", ""https://www.galleriesnow.net/wp-content/uploads/2024/05/Licia-He.jpg""]"
Gillian Jason Gallery,https://www.galleriesnow.net/gallery/gillian-jason-gallery/,"[""https://www.galleriesnow.net/wp-content/uploads/2024/05/Shenstone.jpg""]"
Goodman Gallery,https://www.galleriesnow.net/gallery/goodman-gallery/,"[""https://www.galleriesnow.net/wp-content/uploads/2024/05/Goodman-Gallery-London-Atta-Kwami-12.jpg"", ""https://www.galleriesnow.net/wp-content/uploads/2024/05/Zineb-Sedira.jpg""]"
GRIMM London,https://www.galleriesnow.net/gallery/grimm/,"[""https://www.galleriesnow.net/wp-content/uploads/2024/05/GRIMM-New-York-Francesca-Mollett-1.jpg"", ""https://www.galleriesnow.net/wp-content/uploads/2024/05/Hettie-Innis.jpg""]"
Grosvenor Gallery,https://www.galleriesnow.net/gallery/grosvenor-gallery/,"[""https://www.galleriesnow.net/wp-content/uploads/2024/05/2022-Endurance.jpg""]"
Hamiltons,https://www.galleriesnow.net/gallery/hamiltons/,"[""https://www.galleriesnow.net/wp-content/uploads/2024/02/Nick-Waplington-UNTITLED-LR.24-0038B.jpg"", ""https://www.galleriesnow.net/wp-content/uploads/2024/05/GM_2003_Rhynchophis-boulengeri-S59_HG28321.jpg""]"
Hanina Fine Arts,https://www.galleriesnow.net/gallery/hanina-fine-arts/,[]
Hauser & Wirth London,https://www.galleriesnow.net/gallery/hauser-wirth/,"[""https://www.galleriesnow.net/wp-content/uploads/2024/03/Hauser-Wirth-Los-Angeles-Jason-Rhoades-1.jpg"", ""https://www.galleriesnow.net/wp-content/uploads/2024/04/Hauser-Wirth-Wooster-Street-Roni-Horn-3.jpg"", ""https://www.galleriesnow.net/wp-content/uploads/2024/05/Hauser-Wirth-22nd-St-Rita-Ackermann-2.jpg"", ""https://www.galleriesnow.net/wp-content/uploads/2024/05/Hauser-Wirth-22nd-St-Jennifer-Rochlin-1.jpg"", ""https://www.galleriesnow.net/wp-content/uploads/2024/05/Hauser-Wirth-22nd-St-Eva-Hesse-1.jpg"", ""https://www.galleriesnow.net/wp-content/uploads/2024/05/Hauser-Wirth-22nd-St-Mary-Heilmann-1.jpg"", ""https://www.galleriesnow.net/wp-content/uploads/2024/05/Hauser-Wirth-18th-St-Rita-Ackermann-2.jpg"", ""https://www.galleriesnow.net/wp-content/uploads/2024/05/Hauser-Wirth-London-Isa-Genzken-1.jpg"", ""https://www.galleriesnow.net/wp-content/uploads/2024/05/Hauser-Wirth-London-Harmony-Korine-1.jpg"", ""https://www.galleriesnow.net/wp-content/uploads/2024/05/Hauser-Wirth-Menorca-Roni-Horn-2.jpg"", ""https://www.galleriesnow.net/wp-content/uploads/2024/05/Hauser-Wirth-Menorca-Chillida-1.jpg"", ""https://www.galleriesnow.net/wp-content/uploads/2024/05/Phyllida-Barlow.jpg""]"
Hazlitt Holland-Hibbert,https://www.galleriesnow.net/gallery/hazlitt-holland-hibbert/,"[""https://www.galleriesnow.net/wp-content/uploads/2024/04/Uglow.jpg""]"
Holtermann,https://www.galleriesnow.net/gallery/holtermann-fine-art/,"[""https://www.galleriesnow.net/wp-content/uploads/2024/04/Holtermann.jpg""]"
Hot Wheels Athens,https://www.galleriesnow.net/gallery/hot-wheels-athens/,"[""https://www.galleriesnow.net/wp-content/uploads/2024/05/hot-wheels-athens-new-pictures-from-milano-centrale-thumbnail.jpg""]"
IONE,https://www.galleriesnow.net/gallery/ione-mann/,"[""https://www.galleriesnow.net/wp-content/uploads/2024/04/Irini-Bachlitzanaki_Magical-Thinking-Bag.jpg""]"
JD Malat Gallery,https://www.galleriesnow.net/gallery/jd-malat-gallery/,"[""https://www.galleriesnow.net/wp-content/uploads/2024/05/jd-malat-gallery-tim-kent-histories-in-flux-thumbnail.jpg""]"
John Martin Gallery,https://www.galleriesnow.net/gallery/john-martin-gallery/,"[""https://www.galleriesnow.net/wp-content/uploads/2024/05/makiko-nakamura_red-fugue_oil-on-canvas_117x117cm.jpg""]"
LAMB,https://www.galleriesnow.net/gallery/lamb/,"[""https://www.galleriesnow.net/wp-content/uploads/2024/05/LAMB.jpg""]"
Larkin,https://www.galleriesnow.net/gallery/larkin-durey/,"[""https://www.galleriesnow.net/wp-content/uploads/2024/05/Andrew-Maughan.jpg""]"
Levy,https://www.galleriesnow.net/gallery/levy-gorvy-dayan/,"[""https://www.galleriesnow.net/wp-content/uploads/2024/03/Pierre-Soulages.webp"", ""https://www.galleriesnow.net/wp-content/uploads/2024/05/Levy-Gorvy-Dayan-London-N-Dash-3.jpg"", ""https://www.galleriesnow.net/wp-content/uploads/2024/05/Alison-Watt.jpg""]"
Luxembourg + Co.,https://www.galleriesnow.net/gallery/luxembourg-co/,"[""https://www.galleriesnow.net/wp-content/uploads/2024/05/Gnoli.jpg""]"
MASSIMODECARLO,https://www.galleriesnow.net/gallery/massimo-de-carlo/,"[""https://www.galleriesnow.net/wp-content/uploads/2024/05/massimodecarlo-bulge-thumbnail.jpg""]"
Max Hetzler,https://www.galleriesnow.net/gallery/galerie-max-hetzler/,"[""https://www.galleriesnow.net/wp-content/uploads/2024/05/Galerie-Max-Hetzler-B45-Sean-Scully.jpg"", ""https://www.galleriesnow.net/wp-content/uploads/2024/05/Galerie-Max-Hetzler-B15-16-Sean-Scully.jpg"", ""https://www.galleriesnow.net/wp-content/uploads/2024/05/Galerie-Max-Hetzler-Mark-Grotjahn-1.jpg"", ""https://www.galleriesnow.net/wp-content/uploads/2024/05/Galerie-Max-Hetzler-Tursic-Mille-1.jpg"", ""https://www.galleriesnow.net/wp-content/uploads/2024/05/Giulia-Andreani.jpg""]"
Maximillian William,https://www.galleriesnow.net/gallery/maximillian-william/,"[""https://www.galleriesnow.net/wp-content/uploads/2024/05/Maximillian-William-Gurminder-Sikand-3.jpg""]"
Mayor,https://www.galleriesnow.net/gallery/the-mayor-gallery/,"[""https://www.galleriesnow.net/wp-content/uploads/2024/05/cordeiro_circulos-simultaneos.jpg""]"
Mazzoleni,https://www.galleriesnow.net/gallery/mazzoleni-galleria-darte/,"[""https://www.galleriesnow.net/wp-content/uploads/2024/04/\u00a9-Eduardo-Ortega_Luz-Negra-small.jpg""]"
Michael Werner Gallery,https://www.galleriesnow.net/gallery/michael-werner-gallery/,"[""https://www.galleriesnow.net/wp-content/uploads/2024/04/Michael-Werner-New-York-Per-Kirkeby-1.jpg"", ""https://www.galleriesnow.net/wp-content/uploads/2024/05/Michael-Werner-London-Raphaela-Simon-4.jpg""]"
Modern Art Bury Street,https://www.galleriesnow.net/gallery/modern-art/,"[""https://www.galleriesnow.net/wp-content/uploads/2024/05/ALDRR-00136-300-3.jpg"", ""https://www.galleriesnow.net/wp-content/uploads/2024/05/ALDRR-00136-300-3.jpg""]"
Nahmad Projects,https://www.galleriesnow.net/gallery/nahmad-projects/,"[""https://www.galleriesnow.net/wp-content/uploads/2024/05/Giorgio-Morandi-Nahmad-Projects.jpg""]"
No.9 Cork Street,https://www.galleriesnow.net/gallery/no-9-cork-street/,"[""https://www.galleriesnow.net/wp-content/uploads/2024/05/no9-cork-street-architectures-of-momentum-presented-by-vadehra-art-gallery-thumbnail.jpg"", ""https://www.galleriesnow.net/wp-content/uploads/2024/05/no9-cork-street-fathi-hassan-shifting-sands-presented-by-the-sunderland-collection-thumbnail.jpg""]"
Omer Tiroche Gallery,https://www.galleriesnow.net/gallery/omer-tiroche-contemporary-art/,"[""https://www.galleriesnow.net/wp-content/uploads/2024/02/5950-image.jpg""]"
Opera Gallery,https://www.galleriesnow.net/gallery/opera-gallery/,[]
Ordovas,https://www.galleriesnow.net/gallery/ordovas/,"[""https://www.galleriesnow.net/wp-content/uploads/2024/05/JASL-168_Jose-Antonio-Suarez-Londono_2_2014_001.jpg""]"
Pace,https://www.galleriesnow.net/gallery/pace-gallery/,"[""https://www.galleriesnow.net/wp-content/uploads/2024/05/Pace-Geneva-Elmgreen-and-Dragset-7.jpg"", ""https://www.galleriesnow.net/wp-content/uploads/2024/05/Pace-London-Kiki-Kogelnik-1.jpg""]"
Phillida Reid,https://www.galleriesnow.net/gallery/phillida-reid/,"[""https://www.galleriesnow.net/wp-content/uploads/2024/05/phillida-reid-a-flame-is-a-petal-thumbnail.jpg""]"
Pi Artworks London,https://www.galleriesnow.net/gallery/pi-artworks/,"[""https://www.galleriesnow.net/wp-content/uploads/2024/04/Pi-Artworks-Jeremy-Hutchison-2.jpg""]"
"Pilar Corrias, Savile Row",https://www.galleriesnow.net/gallery/pilar-corrias/,"[""https://www.galleriesnow.net/wp-content/uploads/2024/05/MITS-2024011.jpg""]"
Pipeline,https://www.galleriesnow.net/gallery/pipeline/,"[""https://www.galleriesnow.net/wp-content/uploads/2024/05/Pipeline-Alina-Frieske-1.jpg"", ""https://www.galleriesnow.net/wp-content/uploads/2024/05/Ghalamdar-thumb.jpg""]"
Pippy Houldsworth Gallery,https://www.galleriesnow.net/gallery/pippy-houldsworth-gallery/,"[""https://www.galleriesnow.net/wp-content/uploads/2024/04/Tchiprout_The-box_iphone-shot_under2MB-1.jpg"", ""https://www.galleriesnow.net/wp-content/uploads/2024/05/Jong_Polar-Bear.jpg""]"
PM/AM,https://www.galleriesnow.net/gallery/pm-am/,"[""https://www.galleriesnow.net/wp-content/uploads/2024/05/pm-am-what-now-thumbnail.jpg""]"
Pontone Gallery,https://www.galleriesnow.net/gallery/pontone-gallery/,"[""https://www.galleriesnow.net/wp-content/uploads/2024/05/Pontone-gallery-25-05-24-11-copy-1-scaled-resized.jpg"", ""https://www.galleriesnow.net/wp-content/uploads/2024/05/The-Robin.jpg"", ""https://www.galleriesnow.net/wp-content/uploads/2024/05/Black-and-White-Swim-2020-16-x-24-in.jpg""]"
RHODES,https://www.galleriesnow.net/gallery/rhodes/,"[""https://www.galleriesnow.net/wp-content/uploads/2024/05/rhodes-in-the-garden-with-you-thumbnail.jpg"", ""https://www.galleriesnow.net/wp-content/uploads/2024/05/rhodes-rinse-my-soul-thumbnail.jpg""]"
Richard Saltoun,https://www.galleriesnow.net/gallery/richard-saltoun/,"[""https://www.galleriesnow.net/wp-content/uploads/2024/05/richard-saltoun-gallery-100-acres-thumbnail.jpg""]"
Rodeo,https://www.galleriesnow.net/gallery/rodeo/,"[""https://www.galleriesnow.net/wp-content/uploads/2024/05/Yiannis-Maniatakos.jpg""]"
Rosenfeld,https://www.galleriesnow.net/gallery/rosenfeld/,"[""https://www.galleriesnow.net/wp-content/uploads/2024/05/rosenfeld-Araminta-Blue-4.jpg""]"
Saatchi Yates,https://www.galleriesnow.net/gallery/saatchi-yates/,"[""https://www.galleriesnow.net/wp-content/uploads/2024/05/Saatchi-Yates-Tesfaye-Urgessa-1.jpg""]"
Sadie Coles HQ,https://www.galleriesnow.net/gallery/sadie-coles-hq/,"[""https://www.galleriesnow.net/wp-content/uploads/2024/05/sadie-coles-hq-zero-point-everything-thumbnail.jpg"", ""https://www.galleriesnow.net/wp-content/uploads/2024/05/sadie-coles-hq-secondary-light-lens-parallax-thumbnail.jpg""]"
Sadie Coles HQ Kingly Street,https://www.galleriesnow.net/gallery/sadie-coles-hq/,"[""https://www.galleriesnow.net/wp-content/uploads/2024/05/sadie-coles-hq-zero-point-everything-thumbnail.jpg"", ""https://www.galleriesnow.net/wp-content/uploads/2024/05/sadie-coles-hq-secondary-light-lens-parallax-thumbnail.jpg""]"
Sadie Coles HQ The Shop,https://www.galleriesnow.net/gallery/sadie-coles-hq/,"[""https://www.galleriesnow.net/wp-content/uploads/2024/05/sadie-coles-hq-zero-point-everything-thumbnail.jpg"", ""https://www.galleriesnow.net/wp-content/uploads/2024/05/sadie-coles-hq-secondary-light-lens-parallax-thumbnail.jpg""]"
Shapero Modern,https://www.galleriesnow.net/gallery/shapero-modern/,"[""https://www.galleriesnow.net/wp-content/uploads/2024/05/Shapero-Modern-Marc-Chagall-1.jpg""]"
Shtager&Shch,https://www.galleriesnow.net/gallery/shtagershch/,"[""https://www.galleriesnow.net/wp-content/uploads/2024/05/TheMiddleVoice@BJDeakinPhotography-2914.jpg"", ""https://www.galleriesnow.net/wp-content/uploads/2024/04/SV-2.jpg""]"
Skarstedt,https://www.galleriesnow.net/gallery/skarstedt-gallery/,"[""https://www.galleriesnow.net/wp-content/uploads/2024/05/Skarstedt-Paris-Cindy-Sherman-1.jpg"", ""https://www.galleriesnow.net/wp-content/uploads/2024/05/Skarstedt-New-York-Chantal-Joffe-5.jpg"", ""https://www.galleriesnow.net/wp-content/uploads/2024/05/Yuan-Fang.jpg""]"
South Parade,https://www.galleriesnow.net/gallery/south-parade/,"[""https://www.galleriesnow.net/wp-content/uploads/2024/05/south-parade-the-cart-before-the-horse-thumbnail.jpg""]"
Sprovieri,https://www.galleriesnow.net/gallery/sprovieri/,"[""https://www.galleriesnow.net/wp-content/uploads/2024/04/Sprovieri-Cinthia-Marcelle-8.jpg""]"
Sprüth Magers London,https://www.galleriesnow.net/gallery/spruth-magers/,"[""https://www.galleriesnow.net/wp-content/uploads/2024/05/Baldessari.jpg""]"
Stephen,https://www.galleriesnow.net/gallery/stephen-friedman-gallery/,[]
Stern,https://www.galleriesnow.net/gallery/stern-pissarro/,[]
TAFETA,https://www.galleriesnow.net/gallery/tafeta/,[]
Thaddaeus Ropac,https://www.galleriesnow.net/gallery/galerie-thaddaeus-ropac/,"[""https://www.galleriesnow.net/wp-content/uploads/2024/04/Thaddaeus-Ropac-London-Robert-Rauschenberg-3.jpg"", ""https://www.galleriesnow.net/wp-content/uploads/2024/05/Sean-Scully-Ropac.jpg"", ""https://www.galleriesnow.net/wp-content/uploads/2024/05/Alex-Katz-Ropac.jpg"", ""https://www.galleriesnow.net/wp-content/uploads/2024/05/Not-Vital-Ropac.jpg""]"
Thomas Dane Gallery,https://www.galleriesnow.net/gallery/thomas-dane-gallery/,"[""https://www.galleriesnow.net/wp-content/uploads/2024/04/Thomas-Dane-Naples-Akram-Zaatari-1.jpg"", ""https://www.galleriesnow.net/wp-content/uploads/2024/05/Thomas-Dane-London-Lynda-Benglis-1.jpg"", ""https://www.galleriesnow.net/wp-content/uploads/2024/05/Patricia-Leite-Thomas-Dane.jpg""]"
Timothy Taylor Gallery,https://www.galleriesnow.net/gallery/timothy-taylor-gallery/,"[""https://www.galleriesnow.net/wp-content/uploads/2024/05/Timothy-Taylor-London-Hayal-Pozanti-1.jpg"", ""https://www.galleriesnow.net/wp-content/uploads/2024/05/Timothy-Taylor-New-York-Sahara-Longe-1.jpg""]"
Tiwani,https://www.galleriesnow.net/gallery/tiwani-contemporary/,"[""https://www.galleriesnow.net/wp-content/uploads/2024/04/Tiwani-Contemporary-Gareth-Nyandoro-8.jpg"", ""https://www.galleriesnow.net/wp-content/uploads/2024/05/heloisa-hariadne.jpg""]"
TJ Boulting,https://www.galleriesnow.net/gallery/tj-boulting/,"[""https://www.galleriesnow.net/wp-content/uploads/2024/05/tj-boulting-before-freedom-pt-2-thumbnail.jpg""]"
Union Pacific,https://www.galleriesnow.net/gallery/union-pacific/,"[""https://www.galleriesnow.net/wp-content/uploads/2024/05/union-pacific-describe-to-me-the-view-from-my-window-thumbnail.jpg"", ""https://www.galleriesnow.net/wp-content/uploads/2024/05/union-pacific-keen-feet-thumbnail.jpg""]"
Unit London,https://www.galleriesnow.net/gallery/unit-london/,"[""https://www.galleriesnow.net/wp-content/uploads/2024/04/Unit-Venice-In-Praise-of-Black-Errantry-2.jpg"", ""https://www.galleriesnow.net/wp-content/uploads/2024/05/Heesoo-Kim.jpg"", ""https://www.galleriesnow.net/wp-content/uploads/2024/05/Jeremy-Olson.jpg""]"
Vardaxoglou Gallery,https://www.galleriesnow.net/gallery/vardaxoglou-gallery/,"[""https://www.galleriesnow.net/wp-content/uploads/2024/05/vardaxoglou-gallery-parent-object-thumbnail.jpg""]"
Vendelmans,https://www.galleriesnow.net/gallery/vendelmans/,"[""https://www.galleriesnow.net/wp-content/uploads/2024/05/41260b-copy.jpeg""]"
Vigo,https://www.galleriesnow.net/gallery/vigo/,"[""https://www.galleriesnow.net/wp-content/uploads/2024/05/vigo-travellers-journal-thumbnail.jpg""]"
VITRINE,https://www.galleriesnow.net/gallery/vitrine/,"[""https://www.galleriesnow.net/wp-content/uploads/2024/05/vitrine-grounded-thumbnail.jpg"", ""https://www.galleriesnow.net/wp-content/uploads/2024/05/vitrine-little-sound-thumbnail.jpg""]"
Waddington Custot,https://www.galleriesnow.net/gallery/waddington-custot-galleries/,"[""https://www.galleriesnow.net/wp-content/uploads/2024/05/Patrick-Caulfield-Night-Pipe-1992-Courtesy-Waddington-Custot.jpg""]"
White Cube Mason's Yard,https://www.galleriesnow.net/gallery/white-cube/,"[""https://www.galleriesnow.net/wp-content/uploads/2024/05/white-cube-a-confession-of-my-sins-thumbnail.jpg"", ""https://www.galleriesnow.net/wp-content/uploads/2024/05/white-cube-boombox-thumbnail.jpg""]"
Workplace,https://www.galleriesnow.net/gallery/workplace-gallery/,"[""https://www.galleriesnow.net/wp-content/uploads/2024/05/Laura-Lancaster.jpg""]"
